Project Name,Name and Location,Latitude,Longitude,Project Type,Borough,Opening Date,Year,Image link,Body Text
New York Aquarium,"New York Aquarium,Brooklyn, NYC",-73.9752227,40.5743712,Aquarium,Brooklyn,,1957,https://upload.wikimedia.org/wikipedia/commons/thumb/8/89/New_York_Aquarium_by_David_Shankbone.jpg/1200px-New_York_Aquarium_by_David_Shankbone.jpg,New York Aquarium New York Aquarium New York Aquarium New York Aquarium New York Aquarium New York Aquarium New York Aquarium
Jones Beach State Park,"Jones Beach State Park,Nassau County, NYC",-73.508086,40.596327,Beach,Nassau County,8/4/2029,1929,https://paththroughhistory.iloveny.com/includes/content/images/listings/LI_2012_1390.jpg,Jones Beach State Park Jones Beach State ParkJones Beach State Park Jones Beach State Park Jones Beach State Park Jones Beach State Park
Pelham Bay Park,"Pelham Bay Park,Bronx, NYC",-73.8210182,40.8505689,Beach,Bronx,,1938,https://www.nycgovparks.org/photo_gallery/full_size/17694.jpg,Pelham Bay Park Pelham Bay Park Pelham Bay Park Pelham Bay Park Pelham Bay Park Pelham Bay Park
Orchard Beach,"Orchard Beach,Bronx, NYC",-73.7926456,40.8629619,Beach,Bronx,7/25/1936,1936,https://livingnewdeal.org/wp-content/uploads/2012/11/ob100x-1024x776.jpg,Orchard Beach Orchard Beach Orchard Beach Orchard Beach Orchard Beach Orchard Beach Orchard Beach
Manhattan Beach,"Manhattan Beach,Brooklyn, NYC",-73.9389213,40.578158,Beach,Brooklyn,,1955,http://upload.wikimedia.org/wikipedia/commons/2/2c/Manhattan_Beach_beach_jeh.JPG,Manhattan Beach Manhattan Beach Manhattan Beach Manhattan Beach Manhattan Beach Manhattan Beach Manhattan Beach
Coney Island,"Coney Island,Brooklyn, NYC",-73.9707016,40.5755438,Beach,Brooklyn,,1940,https://www.nycgovparks.org/photo_gallery/full_size/17816.jpg,Coney Island Coney Island Coney Island Coney Island Coney Island Coney Island
Jamaica Bay and Marine Park,"Jamaica Bay and Marine Park,Queens, NYC",-73.9330429,40.6119911,Beach,Queens,,1924,https://grist.files.wordpress.com/2016/08/jamaicabaysunset.jpg,Jamaica Bay and Marine Park Jamaica Bay and Marine Park Jamaica Bay and Marine Park Jamaica Bay and Marine Park v Jamaica Bay and Marine Park
Jacob Riis Park,"Jacob Riis Park,Queens, NYC",-73.8739961,40.565759,Beach,Queens,,1936,https://upload.wikimedia.org/wikipedia/commons/thumb/2/21/Jacob_Riis_Park.jpg/1200px-Jacob_Riis_Park.jpg,Jacob Riis Park Jacob Riis Park Jacob Riis Park v Jacob Riis Park v Jacob Riis Park Jacob Riis Park Jacob Riis Park
Rockaway Improvement,"Rockaway Improvement,Queens, NYC",-73.8366574,40.5797168,Beach,Queens,,1938,https://www.nycgovparks.org/photo_gallery/full_size/21634.jpg,Rockaway Improvement v v Rockaway Improvement v v Rockaway Improvement Rockaway Improvement
South Beach,"South Beach,Staten Island, NYC",-74.0668076,40.5903824,Beach,Staten Island,,1955,http://i589.photobucket.com/albums/ss333/anthonysiny/Boardwald-2.jpg,South Beach South Beach South Beach South Beach South Beach South Beach South Beach
Henry Hudson Bridge,"Henry Hudson Bridge,Manhattan / Bronx, NYC",-73.922724,40.877406,Bridge,Manhattan / Bronx,,1936,https://upload.wikimedia.org/wikipedia/commons/c/cb/Manhattan_is_an_Island_-_Henry_Hudson_Bridge.jpg,Henry Hudson Bridge Henry Hudson BridgeHenry Hudson BridgeHenry Hudson BridgeHenry Hudson Bridge
Triborough Bridge,"Triborough Bridge,Queens / Manhattan / Bronx, NYC",-73.927184,40.780535,Bridge,Queens / Manhattan / Bronx,7/11/1936,1936,http://toomuchglass.net/wp-content/gallery/tmg-2015/DSCF6621.jpg,Triborough Bridge  Triborough BridgeTriborough BridgeTriborough BridgeTriborough BridgeTriborough Bridge
Bronx-Whitestone Bridge,"Bronx-Whitestone Bridge,Queen / Bronx, NYC",-73.829932,40.801741,Bridge,Queen / Bronx,8/29/1939,1939,https://upload.wikimedia.org/wikipedia/commons/3/3e/Whitestone_Bridge_2007.jpg,Bronx-Whitestone Bridge  Bronx-Whitestone BridgeBronx-Whitestone BridgeBronx-Whitestone BridgeBronx-Whitestone Bridge
Throgs Neck Bridge,"Throgs Neck Bridge,Bronx / Queens, NYC",-73.793404,40.802467,Bridge,Bronx / Queens,1/11/1961,1961,http://www.baruch.cuny.edu/nycdata/Infrastructure/images/throgsneckbridge.jpg,Throgs Neck Bridge  Throgs Neck BridgeThrogs Neck BridgeThrogs Neck BridgeThrogs Neck BridgeThrogs Neck Bridge
Marine Parkway Gil Hodges Memorial Bridge,"Marine Parkway Gil Hodges Memorial Bridge,Brooklyn / Queens, NYC",-73.884858,40.573439,Bridge,Brooklyn / Queens,7/3/1937,1937,http://sie-demo.com.s151514.gridserver.com/wp-content/uploads/2015/02/Marine-Parkway-Gil-Hodges-Memorial-Bridge.jpg,Marine Parkway Gil Hodges Memorial Bridge  Marine Parkway Gil Hodges Memorial BridgeMarine Parkway Gil Hodges Memorial BridgeMarine Parkway Gil Hodges Memorial BridgeMarine Parkway Gil Hodges Memorial Bridge
Cross Bay Bridge,"Cross Bay Bridge, NYC",-73.8197592,40.5919427,Bridge,,,1939,http://photos.wikimapia.org/p/00/03/30/56/72_big.jpg,"Cross Bay Bridge, NYC"
Central Park,"Central Park,Manhattan, NYC",-73.9653551,40.7828647,City Park,Manhattan,,1934,http://www.nycgo.com/images/venues/159/central-park-01-marley-white__x_large.jpg,Central Park Central ParkCentral ParkCentral ParkCentral ParkCentral ParkCentral ParkCentral Park
Prospect Park,"Prospect Park,Brooklyn, NYC",-73.9689558,40.6602037,City Park,Brooklyn,,1934,https://www.nycgovparks.org/photo_gallery/full_size/10315.jpg,Prospect Park  Prospect ParkProspect ParkProspect ParkProspect ParkProspect ParkProspect Park
Flushing Meadows Corona Park,"Flushing Meadows Corona Park,Queens, NYC",-73.840785,40.7397136,City Park,Queens,,1939,https://www.nycgovparks.org/photo_gallery/full_size/18044.jpg,Flushing Meadows Corona Park Flushing Meadows Corona ParkFlushing Meadows Corona ParkFlushing Meadows Corona ParkFlushing Meadows Corona Park
Randalls Island,"Randalls Island,Manhattan, NYC",-73.9212858,40.7932271,City Park,Manhattan,,1934,https://media.timeout.com/images/102700372/image.jpg,Randalls Island Randalls IslandRandalls IslandRandalls IslandRandalls Island
Wards Island,"Wards Island,Manhattan, NYC",-73.9212858,40.7932271,City Park,Manhattan,,1934,https://www.nycgovparks.org/photo_gallery/full_size/20057.jpg,Wards Island  Wards IslandWards IslandWards IslandWards IslandWards IslandWards Island
Willowbrook Park,"Willowbrook Park,Staten Island, NYC",-74.1581129,40.6005621,City Park,Staten Island,,1964,https://upload.wikimedia.org/wikipedia/commons/thumb/d/dd/Willowbrook_Park.jpg/1200px-Willowbrook_Park.jpg,"Willowbrook Park,Staten Island, NYC  Willowbrook Park,Staten Island, NYC  Willowbrook Park,Staten Island, NYC  Willowbrook Park,Staten Island, NYC  Willowbrook Park,Staten Island, NYC"
Wolfes Pond Park,"Wolfes Pond Park,Staten Island, NYC",-74.1939353,40.5228688,City Park,Staten Island,,1933,https://www.nycgovparks.org/photo_gallery/full_size/21445.jpg,"Wolfes Pond Park,Staten Island, NYC  Wolfes Pond Park,Staten Island, NYC  Wolfes Pond Park,Staten Island, NYCWolfes Pond Park,Staten Island, NYC"
Great Kills Park,"Great Kills Park,Staten Island, NYC",-74.1238028,40.5462096,City Park,Staten Island,,1949,https://www.nycgovparks.org/photo_gallery/full_size/21425.jpg,"Great Kills Park,Staten Island, NYC Great Kills Park,Staten Island, NYC Great Kills Park,Staten Island, NYCGreat Kills Park,Staten Island, NYC Great Kills Park,Staten Island, NYCGreat Kills Park,Staten Island, NYC"
Clove Lakes Park,"Clove Lakes Park,Staten Island, NYC",-74.1139197,40.6185784,City Park,Staten Island,,1934,https://www.nycgovparks.org/photo_gallery/full_size/10122.jpg,"Clove Lakes Park,Staten Island, NYC Clove Lakes Park,Staten Island, NYCClove Lakes Park,Staten Island, NYCClove Lakes Park,Staten Island, NYCClove Lakes Park,Staten Island, NYCClove Lakes Park,Staten Island, NYCClove Lakes Park,Staten Island, NYCClove Lakes Park,Staten Island, NYCClove Lakes Park,Staten Island, NYCClove Lakes Park,Staten Island, NYCClove Lakes Park,Staten Island, NYC"
Silver Lake Park,"Silver Lake Park,Staten Island, NYC",-74.093256,40.6276662,City Park,Staten Island,,1928,https://www.nycgovparks.org/photo_gallery/full_size/10184.jpg,"Silver Lake Park,Staten Island, NYC   Silver Lake Park,Staten Island, NYCSilver Lake Park,Staten Island, NYCSilver Lake Park,Staten Island, NYCSilver Lake Park,Staten Island, NYCSilver Lake Park,Staten Island, NYC"
Dyker Beach Park,"Dyker Beach Park,Brooklyn, NYC",-74.0195167,40.6058809,City Park,Brooklyn,,1934,http://www.thegolfcourseguru.com/wp-content/uploads/2012/04/photo.jpg,"Dyker Beach Park,Brooklyn, NYC Dyker Beach Park,Brooklyn, NYCDyker Beach Park,Brooklyn, NYCDyker Beach Park,Brooklyn, NYCDyker Beach Park,Brooklyn, NYCDyker Beach Park,Brooklyn, NYCDyker Beach Park,Brooklyn, NYCDyker Beach Park,Brooklyn, NYC"
Canarsie Beach Park,"Canarsie Beach Park,Brooklyn, NYC",-73.8868028,40.6287153,City Park,Brooklyn,,1958,https://upload.wikimedia.org/wikipedia/commons/c/cd/Canarsie_Pier_jeh.JPG,"Canarsie Beach Park,Brooklyn, NYC Canarsie Beach Park,Brooklyn, NYCCanarsie Beach Park,Brooklyn, NYCCanarsie Beach Park,Brooklyn, NYCCanarsie Beach Park,Brooklyn, NYCCanarsie Beach Park,Brooklyn, NYCCanarsie Beach Park,Brooklyn, NYC"
Spring Creek Park,"Spring Creek Park,Brooklyn, NYC",-73.8492576,40.6507601,City Park,Brooklyn,,1938,https://www.nycgovparks.org/photo_gallery/full_size/10318.jpg,"Spring Creek Park,Brooklyn, NYC"
Prospect Park Zoo,"Prospect Park Zoo,Brooklyn, NYC",-73.9654138,40.6653747,City Park,Brooklyn,,1935,http://0.tqn.com/d/gonyc/1/0/A/e/prospect_park_zoo.JPG,"Prospect Park Zoo,Brooklyn, NYC"
Prospect Park Bandshell,"Prospect Park Band Shell,Brooklyn, NYC",-73.9765377,40.6633788,City Park,Brooklyn,,1959,https://bernardsiregar.files.wordpress.com/2013/03/prospect-park-bandshell.jpg,"Prospect Park Band Shell,Brooklyn, NYC"
Prospect Park Baseball Diamonds,"Prospect Park Baseball Diamonds,Brooklyn, NYC",-73.9747813,40.6608656,City Park,Brooklyn,,1959,http://goestotwelve.com/wp-content/uploads/2010/05/IMG_8013.jpg,"Prospect Park Baseball Diamonds,Brooklyn, NYC"
Prospect Park Wollman Rink,"Prospect Park Wollman Rink,Brooklyn, NYC",-73.9641611,40.6572752,City Park,Brooklyn,,1961,http://assets.nydailynews.com/polopoly_fs/1.1551050.1387332092!/img/httpImage/image.jpg_gen/derivatives/article_750/lakeside18k-3-web.jpg,"Prospect Park Wollman Rink,Brooklyn, NYC"
Forest Park,"Forest Park,Queens, NYC",-73.8492576,40.7026774,City Park,Queens,,1935,https://www.nycgovparks.org/photo_gallery/full_size/9990.jpg,"Forest Park,Queens, NYC"
Brookville Park,"Brookville Park,Queens, NYC",-73.7429353,40.6628935,City Park,Queens,,1936,https://www.nycgovparks.org/photo_gallery/full_size/18717.jpg,"Brookville Park,Queens, NYC"
Baisley Pond Park,"Baisley Pond Park,Queens, NYC",-73.786025,40.6737751,City Park,Queens,,1935,https://www.nycgovparks.org/photo_gallery/full_size/10028.jpg,"Baisley Pond Park,Queens, NYC"
Juniper Valley Park,"Juniper Valley Park,Queens, NYC",-73.8811576,40.7202987,City Park,Queens,,1937,https://www.nycgovparks.org/photo_gallery/full_size/1381.jpg,"Juniper Valley Park,Queens, NYC"
Astoria Park,"Astoria Park,Queens, NYC",-73.9215888,40.7796684,City Park,Queens,,1936,https://www.nycgovparks.org/photo_gallery/full_size/9996.jpg,"Astoria Park,Queens, NYC"
Cunningham Park,"Cunningham Park,Queens, NYC",-73.7742339,40.7291208,City Park,Queens,,1934,https://www.nycgovparks.org/photo_gallery/full_size/23037.jpg,"Cunningham Park,Queens, NYC"
Alley Pond Park,"Alley Pond Park,Queens, NYC",-73.7384341,40.7423947,City Park,Queens,,1935,https://www.nycgovparks.org/photo_gallery/full_size/22984.jpg,"Alley Pond Park,Queens, NYC"
Clearview Park,"Clearview Park,Queens, NYC",-73.7856599,40.7778163,City Park,Queens,,1940,http://4.bp.blogspot.com/-iMYO_SzpR84/VabA_3VpX5I/AAAAAAAAE_w/8JtaxiQ2Wm0/s1600/IMG_9170.JPG,"Clearview Park,Queens, NYC"
College Point Park,"College Point Park,Queens, NYC",-73.8465009,40.7857783,City Park,Queens,,1937,http://i.imgur.com/6fsve.jpg,"College Point Park,Queens, NYC"
Kissena Park Corridor,"Kissena Park Corridor,Queens, NYC",-73.8205859,40.7473524,City Park,Queens,,1967,http://forgotten-ny.com/wp-content/gallery/neighborhoods_kissena_01/20.welcome.kissena.jpg,"Kissena Park Corridor,Queens, NYC"
Corlears Hook Park,"Corlears Hook Park,Manhattan, NYC",-73.9796972,40.7116965,City Park,Manhattan,,1945,http://static.panoramio.com/photos/large/84698057.jpg,"Corlears Hook Park,Manhattan, NYC"
Highbridge Park,"Highbridge Park,Manhattan, NYC",-73.9329638,40.8446296,City Park,Manhattan,,1936,https://www.nycgovparks.org/photo_gallery/full_size/23019.jpg,"Highbridge Park,Manhattan, NYC"
Inwood Hill Park,"Inwood Hill Park,Manhattan, NYC",-73.924384,40.8723448,City Park,Manhattan,,1935,https://www.nycgovparks.org/photo_gallery/full_size/9711.jpg,"Inwood Hill Park,Manhattan, NYC"
Central Park North Meadow,"Central Park North Meadow,Manhattan, NYC",-73.9587593,40.7917758,City Park,Manhattan,,1934,https://www.nycgovparks.org/photo_gallery/full_size/17854.jpg,"Central Park North Meadow,Manhattan, NYC"
Great Lawn,"Great Lawn,Manhattan, NYC",-73.9666448,40.7812116,City Park,Manhattan,,1936,https://www.nyc-arts.org/wp-content/uploads/2014/07/great-lawn-l.jpg,"Great Lawn,Manhattan, NYC"
Mary Harriman Rumsey Playground,"Mary Harriman Rumsey Playground,Manhattan, NYC",-73.9702016,40.7727232,City Park,Manhattan,,1937,http://www.centralpark-ny.com/assets/additions-main/rumsey/P0011243.jpg,"Mary Harriman Rumsey Playground,Manhattan, NYC"
Tavern on the Green,"Tavern on the Green,Manhattan, NYC",-73.9777215,40.7721869,City Park,Manhattan,,1934,http://inhabitat.com/nyc/wp-content/blogs.dir/2/files/2014/04/Tavern-on-the-Green-Outside-537x402.jpg,"Tavern on the Green,Manhattan, NYC"
Bathesda Terrace,"Bathesda Terrace,Manhattan, NYC",-73.9708181,40.7738198,City Park,Manhattan,,1935,http://www.centralpark.com/updata/Image/attractions/bethesda-terrace-f.jpg,"Bathesda Terrace,Manhattan, NYC"
Central Park Zoo,"Central Park Zoo,Manhattan, NYC",-73.9718335,40.767778,City Park,Manhattan,,1934,http://www.cityprofile.com/forum/attachments/new-york/27967-new-york-central_park_zoo2.jpg,"Central Park Zoo,Manhattan, NYC"
Conservatory Garden,"Conservatory Garden,Manhattan, NYC",-73.9524239,40.7937474,City Park,Manhattan,,1937,http://www.centralpark.com/updata/Image/attractions/the-summer-conservatory-garden-f.jpg,"Conservatory Garden,Manhattan, NYC"
Delacorte Theater,"Delacorte Theater,Manhattan, NYC",-73.9688701,40.7802449,City Park,Manhattan,,1962,https://media.timeout.com/images/100322559/630/472/image.jpg,"Delacorte Theater,Manhattan, NYC"
Loeb Boathouse,"Loeb Boathouse,Manhattan, NYC",-73.9687344,40.7753313,City Park,Manhattan,,1952,http://www.thecentralparkboathouse.com/images/photos-venue/lightbox/big3.jpg,"Loeb Boathouse,Manhattan, NYC"
Krebs Boathouses,"Krebs Boathouses,Manhattan, NYC",-73.9665565,40.7740297,City Park,Manhattan,,1953,https://scontent.cdninstagram.com/hphotos-xfa1/t51.2885-15/e15/11386451_1618172538466593_619210750_n.jpg,"Krebs Boathouses,Manhattan, NYC"
Wollman Memorial Skating Rink,"Wollman Memorial Skating Rink,Manhattan, NYC",-73.9744034,40.7678214,City Park,Manhattan,,1950,http://assets.centralparknyc.org/images/things-to-see-and-do/wollman-l.jpg,"Wollman Memorial Skating Rink,Manhattan, NYC"
St Marys Park,"St Marys Park,Bronx, NYC",-73.9120243,40.8117387,City Park,Bronx,,1951,https://www.nycgovparks.org/photo_gallery/full_size/14379.jpg,"St Marys Park,Bronx, NYC"
Van Cortlandt Park,"Van Cortlandt Park,Bronx, NYC",-73.8859514,40.8979346,City Park,Bronx,,1938,http://www.kermitproject.org/newdeal/davc10-r.jpg,"Van Cortlandt Park,Bronx, NYC"
Bronx Park,"Bronx Park,Bronx, NYC",-73.87425,40.8604975,City Park,Bronx,,1934,https://www.nycgovparks.org/photo_gallery/full_size/10359.jpg,"Bronx Park,Bronx, NYC"
Ferry Point Park,"Ferry Point Park,Bronx, NYC",-73.8377874,40.8114955,City Park,Bronx,,1940,https://www.nycgovparks.org/photo_gallery/full_size/10494.jpg,"Ferry Point Park,Bronx, NYC"
Soundview Park,"Soundview Park,Bronx, NYC",-73.8727799,40.8171401,City Park,Bronx,,1937,https://www.nycgovparks.org/photo_gallery/full_size/17715.jpg,"Soundview Park,Bronx, NYC"
New York Coliseum,"New York Coliseum,Manhattan, NYC",-73.983299,40.767545,Civic Center,Manhattan,,1953,https://media.licdn.com/mpr/mpr/shrinknp_800_800/AAEAAQAAAAAAAAbWAAAAJDYxZGMxMmY2LWIxNmQtNDkyMy05N2IzLWNkNWUxNWE5OWZjNA.jpg,New York Coliseum  New York ColiseumNew York ColiseumNew York ColiseumNew York ColiseumNew York ColiseumNew York Coliseum
Shea Stadium,"Shea Stadium,Queens, NYC",-73.8437,40.75239,Civic Center,Queens,,1964,https://images.fineartamerica.com/images/artworkimages/mediumlarge/1/1-shea-stadium-new-york-mets-frank-romeo.jpg,"Shea Stadium,Queens, NYC"
Singer Bowl,"Singer Bowl,Queens, NYC",-73.8456118,40.7503676,Civic Center,Queens,,1964,http://i15.photobucket.com/albums/a361/AlbumZeppelin/worlds%20fair/FlushingMeadow-SingerBowl.jpg,"Singer Bowl,Queens, NYC"
Pelham and Split Rock Golf Courses and Clubhouse,"Pelham and Split Rock Golf Courses and Clubhouse,Bronx, NYC",-73.8086361,40.8736833,Golf Course,Bronx,,1936,https://upload.wikimedia.org/wikipedia/commons/b/be/Pelham_Split_Rock_golf_club_jeh.JPG,Pelham and Split Rock Golf Courses and Clubhouse Pelham and Split Rock Golf Courses and Clubhouse Pelham and Split Rock Golf Courses and Clubhouse Pelham and Split Rock Golf Courses and Clubhouse Pelham and Split Rock Golf Courses and Clubhouse Pelham and Split Rock Golf Courses and Clubhouse
Stuyvesant Town,"Stuyvesant Town,Manhattan, NYC",-73.9778494,40.7316903,Housing,Manhattan,,1947,https://assets.bwbx.io/images/users/iqjWHBFdfxIU/igK.fm54I3xc/v1/800x-1.jpg,Stuyvesant Town Stuyvesant TownStuyvesant TownStuyvesant TownStuyvesant TownStuyvesant TownStuyvesant Town
Washington Square Village,"Washington Square Village,Manhattan, NYC",-73.998173,40.7276785,Housing,Manhattan,,1956,https://upload.wikimedia.org/wikipedia/commons/3/39/Washington_Square_Village_south_buldings.jpg,Washington Square Village Washington Square VillageWashington Square VillageWashington Square VillageWashington Square Village
Silver Towers,"Silver Towers,Manhattan, NYC",-73.9991584,40.7607295,Housing,Manhattan,,1961,http://ontherealny.com/wp-content/uploads/2013/04/001.jpg,Silver Towers  Silver TowersSilver TowersSilver TowersSilver TowersSilver Towers
110 Bleeker Street,"110 Bleeker Street,Manhattan, NYC",-73.9985965,40.7267143,Housing,Manhattan,,1961,https://cdn0.vox-cdn.com/thumbor/R4akVbwGLLPVEPgK36RUvT0gy-A=/0x158:650x646/1200x900/filters:focal(0x158:650x646)/cdn0.vox-cdn.com/uploads/chorus_image/image/48150375/university-village.0.jpg,110 Bleeker Street  110 Bleeker Street110 Bleeker Street110 Bleeker Street110 Bleeker Street110 Bleeker Street110 Bleeker Street
Seward Park Housing,"Seward Park Housing,Manhattan, NYC",-73.9880074,40.7157725,Housing,Manhattan,,1958,https://corlears-hook-studio-ii.wikispaces.com/file/view/Picture_12.png/118017651/Picture_12.png,Seward Park Housing  Seward Park HousingSeward Park HousingSeward Park HousingSeward Park HousingSeward Park Housing
East River Houses,"East River Houses,Manhattan, NYC",-73.940276,40.7884708,Housing,Manhattan,,1954,https://static01.nyt.com/images/2015/10/23/nyregion/NEIGHBORHOOD/NEIGHBORHOOD-master768.jpg,East River Houses  East River HousesEast River HousesEast River HousesEast River HousesEast River Houses
Lennox Terrace,"Lennox Terrace,Manhattan, NYC",-73.9411785,40.8135095,Housing,Manhattan,,1957,http://cdn-img1.streeteasy.com/nyc/image/9/129931309.jpg,Lennox Terrace  Lennox TerraceLennox TerraceLennox TerraceLennox Terrace
Delano Village,"Delano Village,Manhattan, NYC",-73.9372221,40.8166667,Housing,Manhattan,,1956,https://static01.nyt.com/images/2011/06/10/nyregion/BUILDINGS3/BUILDINGS3-jumbo.jpg,Delano Village  Delano VillageDelano VillageDelano VillageDelano VillageDelano VillageDelano Village
Morningside Gardens,"Morningside Gardens,Manhattan, NYC",-73.959364,40.806108,Housing,Manhattan,,1955,http://cdn-img0.streeteasy.com/nyc/image/56/48572456.jpg,Morningside Gardens  Morningside GardensMorningside GardensMorningside GardensMorningside GardensMorningside Gardens
Park West Village,"Park West Village,Manhattan, NYC",-73.9677024,40.7950421,Housing,Manhattan,,1957,http://cdn-img1.streeteasy.com/nyc/image/29/116858329.jpg,Park West Village   Park West VillagePark West VillagePark West VillagePark West VillagePark West VillagePark West Village
Coliseum Park Apartments,"Coliseum Park Apartments,Manhattan, NYC",-73.9845013,40.7687451,Housing,Manhattan,,1956,http://cdn-img3.streeteasy.com/nyc/image/79/30026079.jpg,Coliseum Park Apartments   Coliseum Park ApartmentsColiseum Park ApartmentsColiseum Park ApartmentsColiseum Park ApartmentsColiseum Park Apartments
Kingsview,"Kingsview,Brooklyn, NYC",-73.9787795,40.6927898,Housing,Brooklyn,,1955,http://cdn-img2.streeteasy.com/nyc/image/90/165618990.jpg,Kingsview   KingsviewKingsviewKingsviewKingsviewKingsviewKingsview
University Terrace,"University Terrace,Brooklyn, NYC",-73.9814937,40.6911208,Housing,Brooklyn,,1957,https://www.youniversitytv.com/wp-content/uploads/2014/10/Long-Island-University-Brooklyn-Campus-1024x673.jpg,University Terrace    University TerraceUniversity TerraceUniversity TerraceUniversity TerraceUniversity TerraceUniversity TerraceUniversity TerraceUniversity Terrace
Kips Bay Plaza,"Kibs Bay Plaza,Manhattan, NYC",-73.9757944,40.7432283,Housing,Manhattan,,1957,https://upload.wikimedia.org/wikipedia/commons/c/ce/Kips_Bay_Plaza_South_Building.jpg,Kips Bay Plaza  Kips Bay PlazaKips Bay PlazaKips Bay PlazaKips Bay PlazaKips Bay Plaza
Willoughby Walk,"Willoughby Walk,Brooklyn, NYC",-73.9653256,40.6923118,Housing,Brooklyn,,1957,http://cdn-img3.streeteasy.com/nyc/image/7/62917607.jpg,Willoughby Walk   Willoughby WalkWilloughby WalkWilloughby WalkWilloughby WalkWilloughby Walk
University Terrace,"University Terrace,Brooklyn, NYC",-73.9814937,40.6911208,Housing,Brooklyn,,1962,https://s-media-cache-ak0.pinimg.com/originals/68/bb/4f/68bb4f5c144cbd3e3d93e46edbed0d64.jpg,University Terrace    University TerraceUniversity TerraceUniversity TerraceUniversity TerraceUniversity TerraceUniversity TerraceUniversity TerraceUniversity Terrace
Surfside Park,"Surfside Park,Queens, NYC",-73.8259222,40.5817789,Housing,Queens,,1962,https://www.emporis.com/images/show/158304-Large-exterior-view-from-the-sw.jpg,Surfside Park    Surfside ParkSurfside ParkSurfside ParkSurfside ParkSurfside ParkSurfside ParkSurfside ParkSurfside Park
Dayton Towers West,"Dayton Towers West,Queens, NYC",-73.8243307,40.5828132,Housing,Queens,,1964,https://upload.wikimedia.org/wikipedia/commons/3/32/Dayton_Towers_co-op_jeh.jpg,Dayton Towers West   Dayton Towers WestDayton Towers WestDayton Towers WestDayton Towers WestDayton Towers WestDayton Towers West
Dayton Beach Park,"Dayton Beach Park,Queens, NYC",-73.811187,40.585739,Housing,Queens,,1962,https://images1.apartments.com/i2/GjZsMdyq_WxJ8K7e1dmx-AeQgFboPJPGMPIWzW0xocY/117/dayton-beach-park-apartments-rockaway-beach-ny-building-photo.jpg,Dayton Beach Park   Dayton Beach ParkDayton Beach ParkDayton Beach ParkDayton Beach ParkDayton Beach ParkDayton Beach Park
Day Towers East,"Day Towers East,Queens, NYC",-73.8060776,40.5871753,Housing,Queens,,1964,https://images1.apartments.com/i2/WoPPW7qUvyVjjq8nU4gWR2a-rof8yCCQBLEQJtVx9vM/117/dayton-towers-arverne-ny-building-photo.jpg,Day Towers East    Day Towers EastDay Towers EastDay Towers EastDay Towers EastDay Towers EastDay Towers East
Lincoln Towers,"Lincoln Towers,Manhattan, NYC",-73.9868017,40.7772929,Housing,Manhattan,,1961,http://luxuryapartmentsnyc.com/wp-content/uploads/2015/02/Lincoln_Towers.jpg,Lincoln Towers  Lincoln Towers
Chatham Green,"Chatham Green,Manhattan, NYC",-73.9993575,40.7127421,Housing,Manhattan,,1959,http://andrewlmoore.com/assets/Chatham_Green.jpg,Chatham Green   Chatham GreenChatham GreenChatham GreenChatham GreenChatham GreenChatham GreenChatham GreenChatham GreenChatham Green
Penn Station South,"Penn Station South,Manhattan, NYC",-73.997595,40.746973,Housing,Manhattan,,1962,http://legacy.skyscrapercenter.com/class-image.php/userpics/10008/?width=1000&height=800&image=/images/albums/userpics/10008/PennStaS4a.jpg,Penn Station South    Penn Station SouthPenn Station SouthPenn Station SouthPenn Station SouthPenn Station SouthPenn Station SouthPenn Station SouthPenn Station South
Cadman Plaza North,"Cadman Plaza North,Brooklyn, NYC",-73.991314,40.700387,Housing,Brooklyn,,1967,https://images1.apartments.com/i2/c89TFDH0QPgXlDlMlPYY4b_wNcycVFsso2pKiuaLXVc/117/cadman-plaza-north-brooklyn-ny-building-photo.jpg,Cadman Plaza North    Cadman Plaza NorthCadman Plaza NorthCadman Plaza NorthCadman Plaza NorthCadman Plaza NorthCadman Plaza NorthCadman Plaza NorthCadman Plaza NorthCadman Plaza North
Whitman Close Townhouses,"Whitman Close,Brooklyn, NYC",-73.991774,40.698984,Housing,Brooklyn,,1968,https://midcenturymundane.files.wordpress.com/2011/07/img_11531.jpg,Whitman Close Townhouses    Whitman Close TownhousesWhitman Close TownhousesWhitman Close TownhousesWhitman Close TownhousesWhitman Close TownhousesWhitman Close TownhousesWhitman Close TownhousesWhitman Close TownhousesWhitman Close Townhouses
Cadman Towers,"Cadman Towers,Brooklyn, NYC",-73.9926592,40.6975689,Housing,Brooklyn,,1973,https://static1.squarespace.com/static/526c8fcee4b0183a6963055f/t/5273b806e4b06fd9271d3c03/1383315467838/10+Clinton.png,Cadman Towers   Cadman TowersCadman TowersCadman TowersCadman TowersCadman TowersCadman TowersCadman TowersCadman TowersCadman TowersCadman Towers
Chatham Towers,"Chatham Towers,Manhattan, NYC",-74.0000629,40.7138364,Housing,Manhattan,,1963,http://cdn-img1.streeteasy.com/nyc/image/13/163828413.jpg,Chatham Towers   Chatham TowersChatham TowersChatham TowersChatham TowersChatham TowersChatham TowersChatham TowersChatham TowersChatham Towers
Co-op City,"Co-op City,Bronx, NYC",-73.8294444,40.8738889,Housing,Bronx,,1965,https://images1.apartments.com/i2/wlWIyixRskid1lTI0OSxZ6V5ol8QSju9OxuppMWyD6Q/117/riverbay-at-co-op-city-bronx-ny-building-photo.jpg,Co-op City    Co-op CityCo-op CityCo-op CityCo-op CityCo-op CityCo-op CityCo-op CityCo-op CityCo-op CityCo-op City
Amalgated Warbasse Houses,"Amalgated Warbasse Houses,Brooklyn, NYC",-73.9720309,40.5810165,Housing,Brooklyn,,1965,http://brooklynreporter.com/wp-content/uploads/2016/07/warbasse.jpg,Amalgated Warbasse Houses    Amalgated Warbasse HousesAmalgated Warbasse HousesAmalgated Warbasse HousesAmalgated Warbasse HousesAmalgated Warbasse HousesAmalgated Warbasse HousesAmalgated Warbasse Houses
Rochdale Village,"Rochdale Village,Queens, NYC",-73.7738889,40.6763889,Housing,Queens,,1963,http://qns.com/wp-content/uploads/2016/06/Rochdale-Village.jpg,Rochdale Village    Rochdale VillageRochdale VillageRochdale VillageRochdale VillageRochdale VillageRochdale VillageRochdale VillageRochdale VillageRochdale VillageRochdale Village
Peter Cooper Village,"Peter Cooper Village,Manhattan, NYC",-73.9778494,40.7316903,Housing,Manhattan,,1947,http://upload.wikimedia.org/wikipedia/commons/9/92/Peter_Cooper_Village.jpg,"Peter Cooper Village,Manhattan, NYC"
Riverton Houses,"Riverton Houses,Manhattan, NYC",-73.9356147,40.8134669,Housing,Manhattan,,1947,https://static01.nyt.com/images/2015/12/17/nyregion/17RIVERTONweb/17RIVERTONweb-master768-v3.jpg,"Riverton Houses,Manhattan, NYC"
Alfred E Smith Houses,"Alfred E Smith Houses,Manhattan, NYC",-73.9995489,40.7113206,Housing,Manhattan,,1953,https://upload.wikimedia.org/wikipedia/commons/thumb/c/c3/Alfred_E_Smith_Houses_Catherine_Slip_%26_South_St_jeh.jpg/1200px-Alfred_E_Smith_Houses_Catherine_Slip_%26_South_St_jeh.jpg,"Alfred E Smith Houses,Manhattan, NYC"
La Guardia Houses,"La Guardia Houses,Manhattan, NYC",-73.987911,40.7116826,Housing,Manhattan,,1957,https://upload.wikimedia.org/wikipedia/commons/b/bc/Nychales.JPG,"La Guardia Houses,Manhattan, NYC"
Baruch Houses,"Baruch Houses,Manhattan, NYC",-73.9786841,40.716844,Housing,Manhattan,,1959,https://upload.wikimedia.org/wikipedia/commons/thumb/9/9d/Gompers_NYCHA_from_WBB_jeh.jpg/1200px-Gompers_NYCHA_from_WBB_jeh.jpg,"Baruch Houses,Manhattan, NYC"
Lillian D Wald Houses,"LIlian D Wald Houses,Manhattan, NYC",-73.977092,40.721554,Housing,Manhattan,,1949,https://upload.wikimedia.org/wikipedia/commons/thumb/1/18/Riis_Houses_central_plaza_%26_flagstaff_jeh.jpg/1200px-Riis_Houses_central_plaza_%26_flagstaff_jeh.jpg,"LIlian D Wald Houses,Manhattan, NYC"
Jacob Riis Houses,"Jacob Riis Houses,Manhattan, NYC",-73.9747222,40.7244444,Housing,Manhattan,,1949,https://famousankles.files.wordpress.com/2008/01/20080113-riis-houses-on-ave-d-03.jpg,"Jacob Riis Houses,Manhattan, NYC"
John Elliott Houses,"John Elliott Houses,Manhattan, NYC",-74.0023829,40.7496379,Housing,Manhattan,,1947,https://upload.wikimedia.org/wikipedia/commons/thumb/1/12/Chelsea_Elliiot_NYCHA_jeh.JPG/1200px-Chelsea_Elliiot_NYCHA_jeh.JPG,"John Elliott Houses,Manhattan, NYC"
Lexington Houses,"Lexington Houses,Manhattan, NYC",-73.9430287,40.7977441,Housing,Manhattan,,1951,http://assets.nydailynews.com/polopoly_fs/1.1441280.1377846411!/img/httpImage/image.jpg_gen/derivatives/article_750/20100720-washington-housing.jpg,"Lexington Houses,Manhattan, NYC"
Booker T Washington Houses,"Booker T Washington Houses,Manhattan, NYC",-73.962802,40.8005115,Housing,Manhattan,,1941,https://readtiger.com/img/wkp/en/2d_Av_103_St_Washington_NYCHA_jeh.jpg,"Booker T Washington Houses,Manhattan, NYC"
Carver Houses,"Carver Houses,Manhattan, NYC",-73.9513584,40.7906011,Housing,Manhattan,,1958,http://technico-csi.com/wp/wp-content/uploads/2014/04/Carve-King-1.jpg,"Carver Houses,Manhattan, NYC"
Frederick Douglas Houses,"Frederick Douglas Houses,Manhattan, NYC",-73.9649353,40.7956813,Housing,Manhattan,,1958,http://spc.columbiaspectator.com/sites/default/files/FD%20house.jpg,"Frederick Douglas Houses,Manhattan, NYC"
Martin Luther King Houses,"Martin Luther King Houses,Manhattan, NYC",-73.9497745,40.8008156,Housing,Manhattan,,1954,http://assets.nydailynews.com/polopoly_fs/1.152332.1314002724!/img/httpImage/image.jpg_gen/derivatives/article_750/alg-mlk-towers-jpg.jpg,"Martin Luther King Houses,Manhattan, NYC"
James Weldon Johnson Houses,"James Weldon Johnson Houses,Manhattan, NYC",-73.9427778,40.7969444,Housing,Manhattan,,1948,http://www.city-data.com/forum/attachments/new-york-city/34799d1232834022-nyc-really-safe-pt-2-my-harlem-020.jpg,"James Weldon Johnson Houses,Manhattan, NYC"
Jefferson Houses,"Jefferson Houses,Manhattan, NYC",-73.9397435,40.7958142,Housing,Manhattan,,1959,https://s-media-cache-ak0.pinimg.com/originals/43/4e/52/434e525f33e0ae809b16f7a3f953e95b.jpg,"Jefferson Houses,Manhattan, NYC"
Robert Wagner Houses,"Robert Wagner Houses,Manhattan, NYC",-73.9320982,40.8003206,Housing,Manhattan,,1958,https://upload.wikimedia.org/wikipedia/commons/thumb/c/c7/Wagner_Houses.jpg/1200px-Wagner_Houses.jpg,"Robert Wagner Houses,Manhattan, NYC"
Abraham Lincoln Houses,"Abraham Lincoln Houses,Manhattan, NYC",-73.9353177,40.8113383,Housing,Manhattan,,1948,http://assets.nydailynews.com/polopoly_fs/1.1747016.1396753613!/img/httpImage/image.jpg_gen/derivatives/article_750/nycha6n-13-web.jpg,"Abraham Lincoln Houses,Manhattan, NYC"
General Grant Houses,"General Grant Houses,Manhattan, NYC",-73.958393,40.8146782,Housing,Manhattan,,1956,https://upload.wikimedia.org/wikipedia/commons/thumb/5/52/NYCHA_Grant_Houses_WTM3_The_Fixers_0021.jpg/1200px-NYCHA_Grant_Houses_WTM3_The_Fixers_0021.jpg,"General Grant Houses,Manhattan, NYC"
Manhattanville Houses,"Manhattanville Houses,Manhattan, NYC",-73.9537728,40.8188972,Housing,Manhattan,,1961,http://assets.nydailynews.com/polopoly_fs/1.1590809.1390613094!/img/httpImage/image.jpg_gen/derivatives/article_750/gangs24u-5-web.jpg,"Manhattanville Houses,Manhattan, NYC"
St Nicholas Houses,"St Nicholas Houses,Manhattan, NYC",-73.9524,40.806016,Housing,Manhattan,,1954,http://assets.nydailynews.com/polopoly_fs/1.1940763.1410831332!/img/httpImage/image.jpg_gen/derivatives/article_750/nycha16n-20-web.jpg,"St Nicholas Houses,Manhattan, NYC"
Rangel Houses,"Colonial Park Houses,Manhattan, NYC",-73.9363889,40.8336111,Housing,Manhattan,,1951,"http://images.complex.com/complex/image/upload/c_limit,w_680/fl_lossy,pg_1,q_auto/zh8ns9uxedcigvwmbpfr.jpg","Colonial Park Houses,Manhattan, NYC"
Cooper Park Houses,"Cooper Park Houses,Brooklyn, NYC",-73.9401389,40.7184169,Housing,Brooklyn,,1953,http://forgotten-ny.com/wp-content/uploads/2016/05/P1210448.jpg,"Cooper Park Houses,Brooklyn, NYC"
Bushwick Houses,"Bushwick Houses,Brooklyn, NYC",-73.9385687,40.7036515,Housing,Brooklyn,,1960,http://assets.nydailynews.com/polopoly_fs/1.1940769.1410833964!/img/httpImage/image.jpg_gen/derivatives/article_750/nycha16n-14-web.jpg,"Bushwick Houses,Brooklyn, NYC"
Sumner Houses,"Sumner Houses,Brooklyn, NYC",-73.9411111,40.6972222,Housing,Brooklyn,,1958,http://bedfordandbowery.com/wp-content/uploads/2015/01/image-42.jpg,"Sumner Houses,Brooklyn, NYC"
Marcy Houses,"Marcy Houses,Brooklyn, NYC",-73.9512061,40.6973357,Housing,Brooklyn,,1949,http://assets.nydailynews.com/polopoly_fs/1.2739110.1470352849!/img/httpImage/image.jpg_gen/derivatives/article_750/rape5n-1-web.jpg,"Marcy Houses,Brooklyn, NYC"
Farragut Houses,"Farragut Houses,Brooklyn, NYC",-73.98173,40.6990089,Housing,Brooklyn,,1952,https://static01.nyt.com/images/2015/04/19/nyregion/19FARRAGUTJP3/19FARRAGUTJP3-master1050.jpg,"Farragut Houses,Brooklyn, NYC"
Gowanus Houses,"Gowanus Houses,Brooklyn, NYC",-73.9892241,40.6834758,Housing,Brooklyn,,1949,http://assets.nydailynews.com/polopoly_fs/1.1834050.1403085905!/img/httpImage/image.jpg_gen/derivatives/article_750/projects.jpg,"Gowanus Houses,Brooklyn, NYC"
Brevoort Houses,"Brevoort Houses,Brooklyn, NYC",-73.9238889,40.6802778,Housing,Brooklyn,,1955,http://315gqf1cb88e2qagu3f9xz91.wpengine.netdna-cdn.com/wp-content/uploads/2015/01/dsc03417-1024x768.jpg,"Brevoort Houses,Brooklyn, NYC"
Albany Houses,"Albany Houses,Brooklyn, NYC",-73.9368498,40.6732924,Housing,Brooklyn,,1950,http://technico-csi.com/wp/wp-content/themes/space/images/AlbanyWebPhoto.jpg,"Albany Houses,Brooklyn, NYC"
Howard Houses,"Howard Houses,Brooklyn, NYC",-73.9089308,40.6721531,Housing,Brooklyn,,1955,http://assets.nydailynews.com/polopoly_fs/1.160111.1314011976!/img/httpImage/image.jpg_gen/derivatives/article_750/alg-howard-houses-jpg.jpg,"Howard Houses,Brooklyn, NYC"
Brownsville Houses,"Brownsville Houses,Brooklyn, NYC",-73.9191242,40.6676546,Housing,Brooklyn,,1948,http://assets.nydailynews.com/polopoly_fs/1.1702216.1393427513!/img/httpImage/image.jpg_gen/derivatives/article_750/arrest27n-1-web.jpg,"Brownsville Houses,Brooklyn, NYC"
Van Dyke Houses,"Van Dyke Houses,Brooklyn, NYC",-73.9031205,40.6654317,Housing,Brooklyn,,1955,https://static01.nyt.com/images/2014/09/28/nyregion/28POOR3/28POOR3-master675.jpg,"Van Dyke Houses,Brooklyn, NYC"
Morrisania Houses,"Morisania Houses,Bronx, NYC",-73.906766,40.8331305,Housing,Bronx,,1963,http://assets.nydailynews.com/polopoly_fs/1.2881815.1479723269!/img/httpImage/image.jpg_gen/derivatives/article_750/article-bxfire-1-1116.jpg,"Morisania Houses,Bronx, NYC"
Melrose Houses,"Melrose Houses,Bronx, NYC",-73.919441,40.820741,Housing,Bronx,,1952,https://static01.nyt.com/images/2016/02/06/nyregion/06COPS1/06COPS1-master768.jpg,"Melrose Houses,Bronx, NYC"
Astoria Houses,"Astoria Houses,Queens, NYC",-73.9328956,40.7730609,Housing,Queens,,1951,https://s-media-cache-ak0.pinimg.com/736x/f9/43/13/f943133808a632747fdfe00bc68b5b0e.jpg,"Astoria Houses,Queens, NYC"
Fordham University,"Fordham University,Manhattan, NYC",-73.9852715,40.7710994,Lincoln Center,Manhattan,,1962,https://upload.wikimedia.org/wikipedia/commons/f/f3/Fordham_University_Lincoln_Center.JPG,Fordham University   Fordham UniversityFordham UniversityFordham UniversityFordham UniversityFordham UniversityFordham UniversityFordham University
Lincoln Center Avery Fischer Hall,"Lincoln Center Avery Fischer Hall,Manhattan, NYC",-73.9830143,40.772822,Lincoln Center,Manhattan,,1962,https://s-media-cache-ak0.pinimg.com/originals/cd/11/9e/cd119ee7d1b5d99de7e4ab998f4f6a1a.jpg,Lincoln Center Avery Fischer Hall  Lincoln Center Avery Fischer HallLincoln Center Avery Fischer HallLincoln Center Avery Fischer HallLincoln Center Avery Fischer HallLincoln Center Avery Fischer HallLincoln Center Avery Fischer Hall
Lincoln Center New York State Theater,"Lincoln Center New York State Theater,Manhattan, NYC",-73.9838379,40.7717872,Lincoln Center,Manhattan,,1964,https://upload.wikimedia.org/wikipedia/commons/4/48/New_York_City_Opera.jpg,Lincoln Center New York State Theater  Lincoln Center New York State TheaterLincoln Center New York State TheaterLincoln Center New York State TheaterLincoln Center New York State TheaterLincoln Center New York State Theater
Lincoln Center Vivian Beaumont Theater,"Lincoln Center Vivian Beaumont Theater,Manhattan, NYC",-73.9842697,40.7734636,Lincoln Center,Manhattan,,1965,http://www.lct.org/media/filer_public_thumbnails/filer_public/67/a8/67a8f989-c5b2-4f2f-9abc-08aa419dff02/lct3_2_lawn_390h.jpg__50000x390_q85_subsampling-2.jpg,Lincoln Center Vivian Beaumont Theater   Lincoln Center Vivian Beaumont TheaterLincoln Center Vivian Beaumont TheaterLincoln Center Vivian Beaumont TheaterLincoln Center Vivian Beaumont TheaterLincoln Center Vivian Beaumont TheaterLincoln Center Vivian Beaumont Theater
Lincoln Center Library for the Performing Arts,"Lincoln Center Library for the Performing Arts,Manhattan, NYC",-73.9849395,40.7731543,Lincoln Center,Manhattan,,1965,http://d2h3be0wxzd04n.cloudfront.net/uploads/mapplace.images.heroLarge-d61bf95dc18d835b4cb5310ec799ecc0.jpg,Lincoln Center Library for the Performing Arts    Lincoln Center Library for the Performing ArtsLincoln Center Library for the Performing ArtsLincoln Center Library for the Performing ArtsLincoln Center Library for the Performing ArtsLincoln Center Library for the Performing Arts
Lincoln Center Metropolitan Opera House,"Lincoln Center Metropolitan Opera House,Manhattan, NYC",-73.9841644,40.7727216,Lincoln Center,Manhattan,,1966,https://recitative.files.wordpress.com/2014/04/met-2014-4.jpg,Lincoln Center Metropolitan Opera House    Lincoln Center Metropolitan Opera HouseLincoln Center Metropolitan Opera HouseLincoln Center Metropolitan Opera HouseLincoln Center Metropolitan Opera HouseLincoln Center Metropolitan Opera HouseLincoln Center Metropolitan Opera House
Juliard,"Juliard,Manhattan, NYC",-73.9828286,40.7737587,Lincoln Center,Manhattan,,1969,http://jlgreene.org/wp-content/uploads/jlgreene14-1240x698.jpg,Juliard  JuliardJuliardJuliardJuliardJuliardJuliardJuliardJuliardJuliardJuliardJuliardJuliardJuliardJuliardJuliard
Damrosch Park & Guggenheim Band Shell,"Damrosch Park & Guggenheim Band Shell,Manhattan, NYC",-73.9853341,40.7723499,Lincoln Center,Manhattan,,1969,https://c1.staticflickr.com/8/7597/16289649923_e2ec478c37_b.jpg,Damrosch Park & Guggenheim Band Shell  Damrosch Park & Guggenheim Band ShellDamrosch Park & Guggenheim Band ShellDamrosch Park & Guggenheim Band ShellDamrosch Park & Guggenheim Band ShellDamrosch Park & Guggenheim Band ShellDamrosch Park & Guggenheim Band Shell
American Red Cross Headquarters,"American Red Cross Headquarters,Manhattan, NYC",-73.9935549,40.7643843,Office,Manhattan,,1963,http://graphics7.nytimes.com/images/2004/10/29/nyregion/29opera.large1.jpg,American Red Cross Headquarters   American Red Cross HeadquartersAmerican Red Cross HeadquartersAmerican Red Cross HeadquartersAmerican Red Cross HeadquartersAmerican Red Cross Headquarters
Battery Park,"Battery Park,Manhattan, NYC",-74.0170279,40.7032775,Park,Manhattan,,1941,https://www.nycgovparks.org/photo_gallery/full_size/9816.jpg,Battery Park  Battery ParkBattery ParkBattery ParkBattery ParkBattery ParkBattery ParkBattery ParkBattery ParkBattery ParkBattery Park
Bryant Park,"Bryant Park,Manhattan, NYC",-73.9832326,40.7535965,Park,Manhattan,,1934,https://www.nycgovparks.org/photo_gallery/full_size/9789.jpg,Bryant Park  Bryant ParkBryant ParkBryant ParkBryant ParkBryant ParkBryant ParkBryant ParkBryant ParkBryant ParkBryant ParkBryant Park
East River Park,"East River Park,Manhattan, NYC",-73.9738762,40.7191847,Park,Manhattan,,1939,https://upload.wikimedia.org/wikipedia/commons/9/94/East_River_Park_in_Fall_2008_number_2.jpg,East River Park
Riverside Park Extension,"Riverside Park,Manhattan,NYC",-73.97231,40.801234,Park,Manhattan,,1937,https://www.nycgovparks.org/photo_gallery/full_size/9736.jpg,Riverside Park Extension Riverside Park ExtensionRiverside Park ExtensionRiverside Park ExtensionRiverside Park ExtensionRiverside Park Extension
Valley Stream State Park,"Valley Stream State Park,Long Island, NYC",-73.6949854,40.678248,Park,Long Island,,1929,http://www.longisland.com/site_media/images/article/subarticle_image/trail.jpg.644x0_q85.jpg,"Valley Stream State Park,Long Island, NYC"
Hempstead Lake State Park,"Hempstead Lake State Park,Long Island, NYC",-73.6431062,40.683058,Park,Long Island,,1925,http://cdn.newsday.com/polopoly_fs/1.11772635.1462636483!/httpImage/image.jpg_gen/derivatives/display_600/image.jpg,"Hempstead Lake State Park,Long Island, NYC"
Bethpage State Park,"Bethpage State Park,Long Island, NYC",-73.456324,40.7456719,Park,Long Island,,1934,https://images.singletracks.com/2009/trails/01/1126-1233661957.jpg,"Bethpage State Park,Long Island, NYC"
Caumsett State Park,"Caumsett State Park,Long Island, NYC",-73.472089,40.930793,Park,Long Island,,1961,http://media7.trover.com/T/53c9a344d809d85390000001/fixedw_large_4x.jpg,"Caumsett State Park,Long Island, NYC"
Gilgo State Park,"Gilgo State Park,Long Island, NYC",-73.32076,40.6368335,Park,Long Island,,1930,http://cdn.newsday.com/polopoly_fs/1.11517219.1456622480!/httpImage/image.jpeg_gen/derivatives/display_600/image.jpeg,"Gilgo State Park,Long Island, NYC"
Belmont Lake State Park,"Belmont Lake State Park,Long Island, NYC",-73.3403812,40.7361654,Park,Long Island,,1935,http://www.naturallyamazing.com/americasparks/6549.jpg,"Belmont Lake State Park,Long Island, NYC"
Robert Moses State Park,"Robert Moses State Park,Long Island, NYC",-73.2611703,40.6233545,Park,Long Island,,1924,https://upload.wikimedia.org/wikipedia/commons/9/9f/Robert_Moses_Field_4_Deserted_Beach.jpg,"Robert Moses State Park,Long Island, NYC"
Captree State Park,"Captree State Park,Long Island, NYC",-73.2636903,40.647818,Park,Long Island,,1954,http://longislandleisure.com/wp-content/uploads/2015/06/Andrew-K.jpg,"Captree State Park,Long Island, NYC"
Sunken Meadow State Park,"Sunken Meadow State Park,Long Island, NYC",-73.2578766,40.9115951,Park,Long Island,,1926,http://www.naturepicoftheday.com/npods/2008/november/smooth_soft_sunset_800w.jpg,"Sunken Meadow State Park,Long Island, NYC"
Heckscher State Park,"Heckscher State Park,Long Island, NYC",-73.1660222,40.7114392,Park,Long Island,,1929,https://cbsnewyork.files.wordpress.com/2011/05/heckscherstatepark_620_1.jpg?w=620&h=360&crop=1,"Heckscher State Park,Long Island, NYC"
Connetquot State Park,"Connetquo State Park,Long Island, NYC",-73.1523371,40.7481622,Park,Long Island,,1924,http://static.panoramio.com/photos/large/128081048.jpg,"Connetquo State Park,Long Island, NYC"
Wildwood State Park,"Wildwood State Park,Long Island, NYC",-72.8082567,40.9582758,Park,Long Island,,1924,http://activerain.com/image_store/uploads/8/5/2/8/7/ar127612852178258.JPG,"Wildwood State Park,Long Island, NYC"
Hither Hills State Park,"Hither Hills State Park,Long Island, NYC",-72.0101551,41.0090504,Park,Long Island,,1924,https://static.rootsrated.com/image/upload/s--zpESTWDW--/t_rr_large_natural/hcbhipsdpzds9faiociw.jpg,"Hither Hills State Park,Long Island, NYC"
Montauk Point State Park,"Montauk Point State Park,Long Island, NYC",-71.8663074,41.0707208,Park,Long Island,,1924,https://upload.wikimedia.org/wikipedia/commons/5/54/Montauk_Point_Lighthouse.jpg,"Montauk Point State Park,Long Island, NYC"
Battery Parking Garage,"Battery Parking Garage,Manhattan, NYC",-74.014143,40.707487,Parking Garage,Manhattan,,1950,http://static.panoramio.com/photos/large/46678630.jpg,Battery Parking Garage  Battery Parking GarageBattery Parking GarageBattery Parking GarageBattery Parking GarageBattery Parking Garage
Louis Zimmerman Playground,"Zimmerman Playground, New York",-73.8687372,40.866178,Playground Park,,7/15/1934,1934,https://www.nycgovparks.org/photo_gallery/full_size/20999.jpg,Louis Zimmerman Playground Louis Zimmerman Playground Louis Zimmerman Playground Louis Zimmerman Playground v v Louis Zimmerman Playground
Ciccarone Playground,"Ciccarone Playground,Bronx, NYC",-73.8866531,40.8560321,Playground Park,Bronx,7/15/1934,1934,https://www.nycgovparks.org/photo_gallery/full_size/18443.jpg,Ciccarone Playground Ciccarone Playground Ciccarone Playground Ciccarone Playground Ciccarone Playground v
William E Sheridan Playground,"William E. Sheridan Playground,Brooklyn, NYC",-73.964129,40.7151086,Playground Park,Brooklyn,7/15/1934,1934,https://www.nycgovparks.org/photo_gallery/full_size/19520.jpg,William E Sheridan Playground William E Sheridan PlaygroundWilliam E Sheridan PlaygroundWilliam E Sheridan PlaygroundWilliam E Sheridan PlaygroundWilliam E Sheridan PlaygroundWilliam E Sheridan Playground
William McCray Playground,"William McCray Playground,Manhattan, NYC",-73.9829415,40.7699165,Playground Park,Manhattan,7/15/1934,1934,http://3.bp.blogspot.com/-pwue2K5xgiM/Tl55DzT5v9I/AAAAAAAAANQ/mP6p2j2sEwo/s1600/IMG_2378.JPG,William McCray Playground William McCray PlaygroundWilliam McCray PlaygroundWilliam McCray PlaygroundWilliam McCray PlaygroundWilliam McCray PlaygroundWilliam McCray PlaygroundWilliam McCray Playground
Joseph C Sauer Playground,"Joseph C. Sauer Playground,Manhattan, NYC",-73.9796053,40.7281341,Playground Park,Manhattan,7/15/1934,1934,https://livingnewdeal.org/wp-content/uploads/2017/01/20332.jpeg,Joseph C Sauer Playground Joseph C Sauer PlaygroundJoseph C Sauer PlaygroundJoseph C Sauer PlaygroundJoseph C Sauer PlaygroundJoseph C Sauer PlaygroundJoseph C Sauer PlaygroundJoseph C Sauer PlaygroundJoseph C Sauer PlaygroundJoseph C Sauer Playground
Daniel M OConnell Playground,"Daniel M. OConnell Playground,Queens, NYC",-73.7582662,40.6999581,Playground Park,Queens,7/15/1934,1934,https://www.nycgovparks.org/photo_gallery/full_size/19063.jpg,Daniel M OConnell Playground Daniel M OConnell PlaygroundDaniel M OConnell PlaygroundDaniel M OConnell PlaygroundDaniel M OConnell PlaygroundDaniel M OConnell PlaygroundDaniel M OConnell PlaygroundDaniel M OConnell Playground
Howard A Von Dohlen Playground,"Howard A. Von Dohlen Playground,Queens, NYC",-73.8130718,40.6996833,Playground Park,Queens,7/15/1934,1934,https://www.nycgovparks.org/photo_gallery/full_size/21376.jpg,Howard A Von Dohlen Playground Howard A Von Dohlen PlaygroundHoward A Von Dohlen PlaygroundHoward A Von Dohlen PlaygroundHoward A Von Dohlen PlaygroundHoward A Von Dohlen PlaygroundHoward A Von Dohlen Playground
Austin J McDonald Playground,"Austin J. McDonald Playground,Staten Island, NYC",-74.1150952,40.6296228,Playground Park,Staten Island,7/15/1934,1934,https://www.nycgovparks.org/photo_gallery/full_size/19656.jpg,Austin J McDonald Playground Austin J McDonald PlaygroundAustin J McDonald PlaygroundAustin J McDonald PlaygroundAustin J McDonald PlaygroundAustin J McDonald PlaygroundAustin J McDonald PlaygroundAustin J McDonald Playground
Nicholas De Matti Playground,"Nicholas De Matti Playground,Staten Island, NYC",-74.0742565,40.6145077,Playground Park,Staten Island,7/15/1934,1934,https://www.nycgovparks.org/photo_gallery/full_size/19619.jpg,Nicholas De Matti Playground Nicholas De Matti PlaygroundNicholas De Matti PlaygroundNicholas De Matti PlaygroundNicholas De Matti PlaygroundNicholas De Matti PlaygroundNicholas De Matti PlaygroundNicholas De Matti PlaygroundNicholas De Matti PlaygroundNicholas De Matti Playground
Williamsbridge Oval,"Williamsbridge Oval,Bronx, NYC",-73.8775576,40.8779125,Playground Park,Bronx,9/11/1937,1937,https://www.nycgovparks.org/photo_gallery/full_size/20986.jpg,Williamsbridge Oval Williamsbridge OvalWilliamsbridge OvalWilliamsbridge OvalWilliamsbridge OvalWilliamsbridge OvalWilliamsbridge OvalWilliamsbridge OvalWilliamsbridge OvalWilliamsbridge Oval
Sera Delano Roosevelt Park,"Sera Delano Roosevelt Park,Manhattan, NYC",-73.991652,40.7219959,Playground Park,Manhattan,9/14/1934,1934,http://photos.wikimapia.org/p/00/04/68/31/83_big.jpg,Sera Delano Roosevelt Park Sera Delano Roosevelt ParkSera Delano Roosevelt ParkSera Delano Roosevelt ParkSera Delano Roosevelt ParkSera Delano Roosevelt ParkSera Delano Roosevelt ParkSera Delano Roosevelt ParkSera Delano Roosevelt Park
Queensboro Oval,"Queensboro Oval,Manhattan, NYC",-73.9555423,40.7573829,Playground Park,Manhattan,6/20/1934,1934,https://www.nycgovparks.org/photo_gallery/full_size/20187.jpg,Queensboro Oval Queensboro OvalQueensboro OvalQueensboro OvalQueensboro OvalQueensboro OvalQueensboro OvalQueensboro OvalQueensboro Oval
Carl Schurz Park,"Carl Schurz Park,Manhattan, NYC",-73.9436973,40.7751302,Playground Park,Manhattan,4/27/1936,1936,https://www.nycgovparks.org/photo_gallery/full_size/14380.jpg,Carl Schurz Park Carl Schurz ParkCarl Schurz ParkCarl Schurz ParkCarl Schurz ParkCarl Schurz ParkCarl Schurz ParkCarl Schurz ParkCarl Schurz ParkCarl Schurz ParkCarl Schurz Park
P.S. 52,"P.S. 52,Brooklyn, NYC",-73.9396788,40.5877494,Playground Park,Brooklyn,7/22/1951,1951,https://www.nycgovparks.org/photo_gallery/full_size/20820.jpg,P.S. 52 P.S. 52P.S. 52P.S. 52P.S. 52P.S. 52P.S. 52P.S. 52P.S. 52P.S. 52P.S. 52P.S. 52P.S. 52P.S. 52P.S. 52P.S. 52P.S. 52P.S. 52P.S. 52
Zebra Playground,"Zebra Playground,Brooklyn, NYC",-73.9402071,40.5890225,Playground Park,Brooklyn,7/22/1951,1951,https://www.nycgovparks.org/photo_gallery/full_size/19209.jpg,Zebra Playground Zebra PlaygroundZebra PlaygroundZebra PlaygroundZebra PlaygroundZebra PlaygroundZebra PlaygroundZebra PlaygroundZebra PlaygroundZebra PlaygroundZebra Playground
Harlem Lane Playground,"Harlem Lane Playground,Manhattan, NYC",-73.9653551,40.7828647,Playground Park,Manhattan,11/27/1937,1937,https://www.nycgovparks.org/photo_gallery/full_size/20403.jpg,Harlem Lane Playground Harlem Lane PlaygroundHarlem Lane PlaygroundHarlem Lane PlaygroundHarlem Lane PlaygroundHarlem Lane PlaygroundHarlem Lane PlaygroundHarlem Lane PlaygroundHarlem Lane PlaygroundHarlem Lane Playground
Colonel Charles Young Triangle,"Colonel Charles young Triangle,Manhattan, NYC",-73.9357984,40.8272148,Playground Park,Manhattan,11/27/1937,1937,https://irs3.4sqi.net/img/general/width960/36810668_XMEunGcQ-Gv1sBQ1uPvKpQGGqusPBAFrh4sIsKAI38c.jpg,Colonel Charles Young Triangle  Colonel Charles Young TriangleColonel Charles Young TriangleColonel Charles Young TriangleColonel Charles Young TriangleColonel Charles Young TriangleColonel Charles Young TriangleColonel Charles Young Triangle
Frederick Johnson Park,"Frederick Johnson Park,Manhattan, NYC",-73.9356117,40.8248451,Playground Park,Manhattan,3/31/1939,1939,http://2.bp.blogspot.com/-qN3Gx3DpL-M/TnDPNczaFaI/AAAAAAAAAOI/yi8Bk0VQQC8/s1600/IMG_2410.JPG,Frederick Johnson Park Frederick Johnson ParkFrederick Johnson ParkFrederick Johnson ParkFrederick Johnson ParkFrederick Johnson ParkFrederick Johnson ParkFrederick Johnson ParkFrederick Johnson ParkFrederick Johnson Park
Holcombe Rucker Playground,"Holcombe Rucker Playground,Manhattan, NYC",-73.9361266,40.8291747,Playground Park,Manhattan,2/23/1956,1956,https://www.nycgovparks.org/photo_gallery/full_size/20378.jpg,Holcombe Rucker Playground Holcombe Rucker PlaygroundHolcombe Rucker PlaygroundHolcombe Rucker PlaygroundHolcombe Rucker PlaygroundHolcombe Rucker PlaygroundHolcombe Rucker PlaygroundHolcombe Rucker PlaygroundHolcombe Rucker Playground
Shore Road Park,"Shore Road Park,Brookklyn, NYC",-74.0399076,40.6281984,Playground Park,Brookklyn,7/25/1942,1942,https://www.nycgovparks.org/photo_gallery/full_size/14442.jpg,Shore Road Park Shore Road ParkShore Road ParkShore Road ParkShore Road ParkShore Road ParkShore Road ParkShore Road ParkShore Road ParkShore Road ParkShore Road Park
Hamilton Fish Pool and Bathhouse,"Hamilton Fish Pool and Bathhouse,Manhattan, NYC",-73.9814625,40.7199859,Pool,Manhattan,6/27/0193,1936,https://www.nycgovparks.org/photo_gallery/full_size/9847.jpg,Hamilton Fish Pool and Bathhouse  Hamilton Fish Pool and Bathhouse  Hamilton Fish Pool and Bathhouse
Thomas Jefferson Pool and Bathhouse,"Thomas Jefferson Pool and Bathhouse,Manhattan, NYC",-73.9362593,40.7934292,Pool,Manhattan,6/24/1936,1936,http://res.cloudinary.com/mommy-nearest/image/upload/v1403266774/aksuki38ylnkddu1nzus.jpg,Thomas Jefferson Pool and Bathhouse  Thomas Jefferson Pool and Bathhouse  Thomas Jefferson Pool and Bathhouse
Astoria Pool and Play Center,"Astoria Pool and Play Center,Queens, NYC",-73.9226516,40.7788082,Pool,Queens,7/2/1936,1936,https://c1.staticflickr.com/5/4136/4799105156_27bf1f0902_b.jpg,Astoria Pool and Play Center  Astoria Pool and Play Center  Astoria Pool and Play Center
Joseph H. Lyons Pool,"Joseph H. Lyons Pool,Staten Island, NYC",-74.0743772,40.6375676,Pool,Staten Island,7/7/1936,1936,https://www.nycgovparks.org/photo_gallery/full_size/18378.jpg,Joseph H. Lyons Pool  Joseph H. Lyons Pool  Joseph H. Lyons Pool
Highbridge Pool and Bathhouse,"Highbridge Pool and Bathhouse,Manhattan, NYC",-73.9329638,40.8446296,Pool,Manhattan,7/14/1936,1936,https://www.nycgovparks.org/photo_gallery/full_size/18308.jpg,Highbridge Pool and Bathhouse  Highbridge Pool and Bathhouse  Highbridge Pool and Bathhouse
Sunset Pool,"Sunset Pool,Brooklyn, NYC",-74.0025695,40.6471873,Pool,Brooklyn,7/20/1936,1936,http://www.nycgo.com/images/venues/6419/sunset-park-pool-marley-white-078__large.jpg,Sunset Pool  Sunset Pool  Sunset Pool  Sunset Pool  Sunset Pool  Sunset Pool
Crotona Pool,"Crotona Pool,Bronx, NYC",-73.898056,40.839942,Pool,Bronx,7/24/1936,1936,https://c1.staticflickr.com/8/7252/7864243746_012229912a_b.jpg,Crotona Pool  Crotona Pool  Crotona Pool  Crotona Pool  Crotona Pool  Crotona Pool
McCarren Pool,"McCarren Pool,Brooklyn, NYC",-73.9554315,40.7208944,Pool,Brooklyn,7/31/1936,1936,http://www.rogersmarvel.com/projects/McCarren-Pool/Rogers-Marvel-McCarren-Pool-10.jpg,McCarren Pool  McCarren Pool  McCarren Pool  McCarren Pool  McCarren Pool  McCarren Pool
Betsy Head Pool,"Betsy Head Pool,Brooklyn, NYC",-73.9126551,40.6628587,Pool,Brooklyn,8/7/1936,1936,https://www.nycgovparks.org/photo_gallery/full_size/22437.jpg,Betsy Head Pool  Betsy Head Pool  Betsy Head Pool  Betsy Head Pool  Betsy Head Pool  Betsy Head Pool
Jackie Robinson Pool and Recreation Center,"Jackie Robinson Pool and Recreation Center,Manhattan, NYC",-73.942687,40.8244188,Pool,Manhattan,8/8/1936,1936,https://www.nycgovparks.org/photo_gallery/full_size/9718.jpg,Jackie Robinson Pool and Recreation Center Jackie Robinson Pool and Recreation Center Jackie Robinson Pool and Recreation Center Jackie Robinson Pool and Recreation Center
Sol Goldman Pool,"Sol Goldman Pool,Brooklyn, NYC",-74.0038464,40.672699,Pool,Brooklyn,8/17/1936,1936,https://www.nycgovparks.org/photo_gallery/full_size/18404.jpg,Sol Goldman Pool Sol Goldman Pool Sol Goldman Pool Sol Goldman Pool Sol Goldman Pool
Asher Levy Recreation Center,"Asher Levy Recreation Center,Manhattan, NYC",-73.9756582,40.7361601,Pool,Manhattan,,1938,https://www.nycgovparks.org/photo_gallery/full_size/17805.jpg,Asher Levy Recreation Center Asher Levy Recreation Center Asher Levy Recreation Center Asher Levy Recreation Center Asher Levy Recreation Center
Carmine Street Pool and the Tony Dapolito Recreation Center,"Carmine Street Pool and the Tony Dapolito Recreation Center,Manhattan, NYC",-74.0054061,40.7296168,Pool,Manhattan,,1939,http://static.panoramio.com/photos/large/20724411.jpg,Carmine Street Pool and the Tony Dapolito Recreation Center Carmine Street Pool and the Tony Dapolito Recreation Center Carmine Street Pool and the Tony Dapolito Recreation Center Carmine Street Pool and the Tony Dapolito Recreation Center
John Jay Pool and Bathhouse,"John Jay Pool and Bathhouse,Manhattan, NYC",-73.9495759,40.7699381,Pool,Manhattan,,1940,https://40pools.files.wordpress.com/2012/07/img_2026_jj.jpg,John Jay Pool and Bathhouse John Jay Pool and Bathhouse John Jay Pool and Bathhouse John Jay Pool and Bathhouse John Jay Pool and Bathhouse John Jay Pool and Bathhouse
Recreation Center 59,"Recreation Center 59,Manhattan, NYC",-73.9886621,40.7714308,Pool,Manhattan,,1943,http://sideways.nyc/wp-content/uploads/2015/03/w60-232-gertrude-ederle-recreation-center-3-AI.jpg,Recreation Center 59 Recreation Center 59 Recreation Center 59 Recreation Center 59 Recreation Center 59 Recreation Center 59
Flushing Meadow Pool,"Flushing Meadow Pool,Queens, NYC",-73.8376576,40.7517801,Pool,Queens,,1940,http://cbbld.com/wp-content/uploads/2014/07/FlushingMeadows-Pool_05-1024x733.jpg,Flushing Meadow Pool Flushing Meadow Pool Flushing Meadow Pool Flushing Meadow Pool Flushing Meadow Pool Flushing Meadow Pool Flushing Meadow Pool
Faber Park,"Faber Park,Staten Island, NYC",-74.1357153,40.6408881,Pool,Staten Island,,1928,https://media.timeout.com/images/102695624/image.jpg,"Faber Park,Staten Island, NYC"
Henry Hudson Parkway,"Manhattan Loop,Manhattan, NYC",-73.94496,40.843934,Road,Manhattan,,1937,http://static.scripting.com/photos/archive/2010/09/21/henryHudsonParkway/original.jpg,"
Henry Hudson Parkway  Henry Hudson ParkwayHenry Hudson ParkwayHenry Hudson ParkwayHenry Hudson ParkwayHenry Hudson Parkway"
Harlem River Drive,"Manhattan Loop,Manhattan, NYC",-73.934683,40.828055,Road,Manhattan,,1964,http://www.eastcoastroads.com/states/ny/nypark/harlem/front.jpg,Harlem River Drive Harlem River Drive Harlem River DriveHarlem River DriveHarlem River Drive
Franklin Delano Roosevelt Drive,"Manhattan Loop,Manhattan, NYC",-73.966672,40.749616,Road,Manhattan,,1955,https://untappedcities-wpengine.netdna-ssl.com/wp-content/uploads/2016/07/Secret-of-the-FDR-Drive-South-Street-NYC.jpg,Franklin Delano Roosevelt Drive Franklin Delano Roosevelt DriveFranklin Delano Roosevelt DriveFranklin Delano Roosevelt DriveFranklin Delano Roosevelt Drive
Triborough Bridge Approach,"Manhattan Loop,Manhattan, NYC",-73.926702,40.789625,Road,Manhattan,,1936,http://www.nycroads.com/crossings/triborough/img22.gif,Triborough Bridge Approach  Triborough Bridge ApproachTriborough Bridge ApproachTriborough Bridge ApproachTriborough Bridge ApproachTriborough Bridge Approach
Cross-Bronx Expressway,"Cross-Bronx Expressway,Bronx, NYC",-73.859857,40.832984,Road,Bronx,,1948,https://68.media.tumblr.com/a9f6fda3fecd4076593c5c2c166d5994/tumblr_nufaddwu9s1ug5bvuo1_1280.jpg,Cross-Bronx Expressway Cross-Bronx ExpresswayCross-Bronx ExpresswayCross-Bronx ExpresswayCross-Bronx Expressway
Grand Central Parkway,"Grand Central Parkway,Bronx, NYC",-73.839484,40.728829,Road,Bronx,,1933,https://i.ytimg.com/vi/PmHCEt08q4g/maxresdefault.jpg,Grand Central Parkway Grand Central ParkwayGrand Central ParkwayGrand Central ParkwayGrand Central Parkway
Brooklyn-Queens Expressway,"Brooklyn-Queens Expressway,Brooklyn / Queens, NYC",-73.996258,40.699825,Road,Brooklyn / Queens,,1950,https://static01.nyt.com/images/2012/01/05/nyregion/BQE1/BQE1-jumbo-v2.jpg,Brooklyn-Queens Expressway Brooklyn-Queens ExpresswayBrooklyn-Queens ExpresswayBrooklyn-Queens Expressway
Belt Parkway,"Belt Parkway,Brooklyn / Queens, NYC",-73.880336,40.635635,Road,Brooklyn / Queens,,1934,https://i.ytimg.com/vi/udjr6ZCqw98/maxresdefault.jpg,Belt Parkway Belt ParkwayBelt ParkwayBelt ParkwayBelt ParkwayBelt Parkway
Richmond Parkway,"Richmond Parkway,Staten Isalnd, NYC",-74.196049,40.535113,Road,Staten Isalnd,,1962,https://upload.wikimedia.org/wikipedia/en/3/33/Richmond_Pkwy.jpg,Richmond Parkway  Richmond ParkwayRichmond ParkwayRichmond ParkwayRichmond ParkwayRichmond Parkway
Willowbrook Parkway,"Willowbrook Parkway,Staten Isalnd, NYC",-74.130603,40.583571,Road,Staten Isalnd,,1962,http://www.aaroads.com/northeast/new_york278/i-278_wb_exit_010_01.jpg,Willowbrook Parkway  Willowbrook ParkwayWillowbrook ParkwayWillowbrook ParkwayWillowbrook Parkway
Brooklyn-Battery Tunnel,"Brooklyn-Battery Tunnel,Brooklyn / Manhattan, NYC",-74.009856,40.689278,Road,Brooklyn / Manhattan,5/15/1950,1959,https://upload.wikimedia.org/wikipedia/commons/1/11/Brooklyn%E2%80%93Battery_Tunnel_002.JPG,Brooklyn-Battery Tunnel   Brooklyn-Battery TunnelBrooklyn-Battery TunnelBrooklyn-Battery TunnelBrooklyn-Battery TunnelBrooklyn-Battery Tunnel
Verrazano-Narrows Bridge,"Verrazano-Narrows Bridge,Brooklyn / Staten Island, NYC",-74.04466,40.606616,Road,Brooklyn / Staten Island,11/21/1964,1964,http://www.5dguide.com/wp-content/uploads/2015/11/verrazano-1.jpg,Verrazano-Narrows Bridge Verrazano-Narrows BridgeVerrazano-Narrows BridgeVerrazano-Narrows BridgeVerrazano-Narrows Bridge
Southern State Parkway,"Southern State Parkway, NYC",-73.467731,40.705954,Road,,,1927,https://upload.wikimedia.org/wikipedia/commons/b/b1/Southern_State_Parkway_at_41N.jpg,"Southern State Parkway, NYC"
Wantagh State Parkway,"Wantagh State Parkway, NYC",-73.5649922,40.7703409,Road,,,1929,https://c1.staticflickr.com/6/5081/5336842729_fe4c04b1e0_b.jpg,"Wantagh State Parkway, NYC"
Northern State Parkway,"Northern State Parkway, NYC",-73.7136524,40.759734,Road,,,1931,https://upload.wikimedia.org/wikipedia/commons/8/84/Northern_State_Parkway_Exit_38.jpg,"Northern State Parkway, NYC"
Meadowbrook State Parkway,"Meadowbrook State Parkway, NYC",-73.571627,40.675404,Road,,,1932,https://upload.wikimedia.org/wikipedia/commons/7/7c/Meadowbrook_State_Parkway_at_Southern_State_Parkway_west.jpg,"Meadowbrook State Parkway, NYC"
Interborough Parkway,"Interborough Parkway, NYC",-73.8595162,40.7024457,Road,,,1936,http://forgotten-ny.com/wp-content/uploads/2016/08/P1220865.jpg,"Interborough Parkway, NYC"
Henry Hudson Parkway,"Henry Hudson Parkway, NYC",-73.9449596,40.8439336,Road,,,1938,http://www.eastcoastroads.com/states/ny/nypark/henry/front.jpg,"Henry Hudson Parkway, NYC"
Laurelton Parkway,"Laurelton Parkway, NYC",-73.8803359,40.6356355,Road,,,1940,http://www.eastcoastroads.com/states/ny/nypark/belt/fullsize/blpe01_2.jpg,"Laurelton Parkway, NYC"
Cross Island Parkway,"Cross Island Parkway, NYC",-73.78986,40.7880922,Road,,,1940,http://cdn.newsday.com/polopoly_fs/1.10801064.1441212204!/httpImage/image.jpg_gen/derivatives/landscape_1280/image.jpg,"Cross Island Parkway, NYC"
Gowanus Parkway,"Gowanus Parkway, NYC",-74.0186186,40.6435805,Road,,,1941,http://www.aaroads.com/northeast/new_york278/i-278_wb_exit_024_05.jpg,"Gowanus Parkway, NYC"
Heckscher State Parkway,"Heckscher State Parkway, NYC",-73.1660222,40.7114392,Road,,,1959,https://i.ytimg.com/vi/WmWgIf0EyfA/maxresdefault.jpg,"Heckscher State Parkway, NYC"
Ocean Parkway,"Ocean Parkway, NYC",-73.9688702,40.6142588,Road,,,1950,http://www.nycbikemaps.com/wp-content/uploads/2008/03/dscf0045.jpg,"Ocean Parkway, NYC"
Bethpage State Parkway,"Bethpage State Parkway, NYC",-73.456324,40.7456719,Road,,,1936,https://upload.wikimedia.org/wikipedia/commons/b/b1/Bethpage_State_Parkway_-_Exit_B1.jpg,"Bethpage State Parkway, NYC"
Cross County Parkway,"Cross County Parkway, NYC",-73.8437521,40.9288798,Road,,,1929,http://www.aaroads.com/northeast/new_york087/i-087_nyt_nb_exit_004_02.jpg,"Cross County Parkway, NYC"
Mosholu Parkway,"Mosholu Parkway, NYC",-73.8869527,40.885055,Road,,,1937,http://www.aaroads.com/northeast/new_york087/i-087_nb_exit_012_01.jpg,"Mosholu Parkway, NYC"
Saw Mill River Parkway,"Saw Mill River Parkway, NYC",-73.8881835,40.9031065,Road,,,1935,https://c1.staticflickr.com/6/5013/5407517744_a66f3357db_b.jpg,"Saw Mill River Parkway, NYC"
Sprain Parkway,"Sprain Parkway, NYC",-73.823745,41.0189206,Road,,,1963,https://upload.wikimedia.org/wikipedia/commons/2/2a/Sprain_Brook_Parkway_SB_north_of_Tuckahoe_Road.jpg,"Sprain Parkway, NYC"
Bronx River Parkway,"Bronx River Parkway, NYC",-73.8717641,40.8618032,Road,,,1925,https://www.nynjtc.org/sites/default/files/styles/hike_park_destination_page/public/park/DSC_0803.JPG?itok=1a8nhExd,"Bronx River Parkway, NYC"
Hutchinson River Parkway,"Hutchinson River Parkway, NYC",-73.8361016,40.850689,Road,,,1941,https://upload.wikimedia.org/wikipedia/commons/thumb/2/29/The_Hutch_at_Exit_26W.jpg/1024px-The_Hutch_at_Exit_26W.jpg,"Hutchinson River Parkway, NYC"
Shore Front Parkway,"Shore Front Parkway, NYC",-73.8153617,40.5837859,Road,,,1939,http://forgotten-ny.com/wp-content/uploads/2017/02/shorefront.pkwy_.jpg,"Shore Front Parkway, NYC"
Robert Moses Causeway,"Robert Moses Causeway, NYC",-73.2776915,40.6821432,Road,,,1967,http://pics4.city-data.com/cpicc/cfiles21610.jpg,"Robert Moses Causeway, NYC"
Sagtikos State Parkway,"Sagtikos State Parkway, NYC",-73.2799687,40.780864,Road,,,1952,https://upload.wikimedia.org/wikipedia/commons/f/fe/Sagtikos_State_Parkway_-_S3.jpg,"Sagtikos State Parkway, NYC"
Sunken Meadow State Parkway,"Sunken Meadow State Parkway, NYC",-73.2771644,40.8646763,Road,,,1957,http://mediad.publicbroadcasting.net/p/wshu/files/styles/medium/public/201611/sunkenmeadowparkway_flickrdougkerr_161117.jpg,"Sunken Meadow State Parkway, NYC"
Marine Parkway,"Marine Parkway, NYC",-73.9411658,40.6118147,Road,,,1937,http://cdn.newsday.com/polopoly_fs/1.10446796.1463502571!/httpImage/image.jpg_gen/derivatives/display_1004/image.jpg,"Marine Parkway, NYC"
Bruckner Expressway,"Bruckner Expressway, NYC",-73.8713595,40.8246079,Road,,,1957,http://www.aaroads.com/northeast/new_york095/i-095_sb_exit_007_03.jpg,"Bruckner Expressway, NYC"
Major Deegan Expressway,"Major Deegan Expressway, NYC",-73.9175391,40.8565198,Road,,,1956,http://www.aaroads.com/northeast/new_york087/i-087_nb_exit_002_03.jpg,"Major Deegan Expressway, NYC"
Sheridan Expressway,"Sheridan Expressway, NYC",-73.8892608,40.8207764,Road,,,1963,https://static01.nyt.com/images/2017/03/23/nyregion/23SHERIDAN1/22SHERIDAN1-master768.jpg,"Sheridan Expressway, NYC"
Van Wyck Expressway,"Van Wyck Expressway, NYC",-73.836464,40.735104,Road,,,1963,http://www.aaroads.com/northeast/new_york600/i-678_nb_exit_000_05.jpg,"Van Wyck Expressway, NYC"
Long Island Expressway,"Long Island Expressway, NYC",-73.8365679,40.7434829,Road,,,1955,http://www.aaroads.com/northeast/new_york495/i-495_eb_exit_033_03.jpg,"Long Island Expressway, NYC"
Prospect Expressway,"Prospect Expressway, NYC",-73.9851143,40.6585394,Road,,,1962,https://untappedcities-wpengine.netdna-ssl.com/wp-content/uploads/2016/04/pocket_park-prospect_expressway-robert_moses-park_slope-south_slope-brooklyn-new_york_city-untapped_cities-alexander_mcquilkin.jpg,"Prospect Expressway, NYC"
Gowanus Expressway,"Gowanus Expressway, NYC",-74.0186186,40.6435805,Road,,,1964,http://www.aaroads.com/northeast/new_york278/i-278_wb_exit_024_06.jpg,"Gowanus Expressway, NYC"
Whitestone Expressway,"Whitestone Expressway, NYC",-73.8272957,40.7781091,Road,,,1963,http://www.aaroads.com/northeast/new_york600/i-678_sb_exit_013_01.jpg,"Whitestone Expressway, NYC"
Clearview Expressway,"Clearview Expressway, NYC",-73.8374817,40.8285079,Road,,,1963,https://www.interstate-guide.com/images295/i-295_ny_st_11.jpg,"Clearview Expressway, NYC"
Throgs-Neck Expressway,"Throgs-Neck Expressway, NYC",-73.8148414,40.821402,Road,,,1970,https://www.interstate-guide.com/images295/i-295_ny_nt_08.jpg,"Throgs-Neck Expressway, NYC"
Staten Island Expressway,"Staten Island Expressway, NYC",-74.1204293,40.610219,Road,,,1964,http://www.aaroads.com/northeast/new_york400/ny-440_nb_exit_010_02.jpg,"Staten Island Expressway, NYC"
Nassau Expressway,"Nassau Expressway, NYC",-73.7769728,40.6607023,Road,,,1965,https://www.interstate-guide.com/images878/i-878_ny_wt_04.jpg,"Nassau Expressway, NYC"
New England Throughway,"New England Throughway, NYC",-73.8328531,40.8690404,Road,,,1958,https://c1.staticflickr.com/4/3861/14839432530_a220438794_b.jpg,"New England Throughway, NYC"
Rockaway Freeway,"Rockaway Freeway, NYC",-73.7945279,40.5913629,Road,,,1950,http://www.alpsroads.net/roads/ny/rock_fwy/102n.jpg,"Rockaway Freeway, NYC"
Cross Bay Boulevard,"Cross Bay Boulevard, NYC",-73.8296743,40.633973,Road,,,1923,http://static.panoramio.com/photos/original/87974642.jpg,"Cross Bay Boulevard, NYC"
Conduit Boulevard,"Conduit Boulevard, NYC",-73.8673976,40.6766929,Road,,,1929,http://www.aaroads.com/northeast/new_york020/ny-027_eb_at_conduit_av.jpg,"Conduit Boulevard, NYC"
Atlantic Avenue,"Atlantic Avenue, NYC",-74.0062906,40.5740939,Road,,,1954,http://www.streetsblog.org/wp-content/uploads/2014/04/Screen-shot-2014-04-18-at-2.25.53-PM.png,"Atlantic Avenue, NYC"
Harlem River Drive,"Harlem River Drive, NYC",-73.9346827,40.8280552,Road,,,1964,http://coloradoguy.com/new-york-city/harlem-river-drive.jpg,"Harlem River Drive, NYC"
East River Drive Extension,"East River Drive Extension, NYC",-73.9526114,40.766373,Road,,,1955,https://s-media-cache-ak0.pinimg.com/736x/8d/a8/27/8da82743a877c63056a074aec6064504.jpg,"East River Drive Extension, NYC"
Queens-Midtown Tunnel,"Queens-Midtown Tunnel, NYC",-73.9617848,40.7437252,Road,,,1940,http://cdn.newsday.com/polopoly_fs/1.12249303.1472678702!/httpImage/image.jpeg_gen/derivatives/landscape_1280/image.jpeg,"Queens-Midtown Tunnel, NYC"
Battery Park Underpass,"Battery Park Underpass, NYC",-74.0165113,40.7040775,Road,,,1951,https://farm9.staticflickr.com/8347/8170432006_1580298977_b.jpg,"Battery Park Underpass, NYC"
P.S. 199,"P.S. 199,Manhattan, NYC",-73.9847026,40.7779517,School,Manhattan,,1963,http://www.docomomo-nytri.org/wp-content/gallery/ps-199-images-april-2013/ps-199_img_3160.jpg,P.S. 199   P.S. 199P.S. 199P.S. 199P.S. 199P.S. 199P.S. 199P.S. 199P.S. 199P.S. 199P.S. 199P.S. 199P.S. 199P.S. 199P.S. 199P.S. 199P.S. 199P.S. 199P.S. 199P.S. 199
Weaver Hall (NYU),"Weaver Happ (NYU),Manhattan, NYC",-73.9956477,40.7286882,University,Manhattan,,1966,http://upload.wikimedia.org/wikipedia/commons/9/92/WarrenWeaverHall.JPG,Weaver Hall (NYU) Weaver Hall (NYU)Weaver Hall (NYU)Weaver Hall (NYU)Weaver Hall (NYU)
Tisch Hall (NYU),"Tisch Hall (NYU),Manhattan, NYC",-73.9961755,40.728825,University,Manhattan,,1966,http://photos.wikimapia.org/p/00/03/07/85/13_full.jpg,Tisch Hall (NYU)  Tisch Hall (NYU)Tisch Hall (NYU)Tisch Hall (NYU)Tisch Hall (NYU)Tisch Hall (NYU)
Bobst Library (NYU),"Bobst Library (NYU),Manhattan, NYC",-73.997213,40.7294242,University,Manhattan,,1966,https://s-media-cache-ak0.pinimg.com/736x/26/a5/cb/26a5cb8819ae0dc15f1a883eb4ed882d.jpg,Bobst Library (NYU) Bobst Library (NYU)Bobst Library (NYU)Bobst Library (NYU)Bobst Library (NYU)Bobst Library (NYU)
LIU Dormitory,"LIU Dormitory,Brooklyn, NYC",-73.9807991,40.6911479,University,Brooklyn,,1958,https://midcenturymundane.files.wordpress.com/2011/10/img_2324.jpg,LIU Dormitory   LIU DormitoryLIU DormitoryLIU DormitoryLIU DormitoryLIU DormitoryLIU DormitoryLIU DormitoryLIU Dormitory
Pratt Dormitories,"Pratt Dormitories,Brooklyn, NYC",-73.962537,40.6912807,University,Brooklyn,,1954,http://assets.nydailynews.com/polopoly_fs/1.1976305.1413466874!/img/httpImage/image.jpg_gen/derivatives/article_750/pratt16n-1-web.jpg,Pratt Dormitories   Pratt DormitoriesPratt DormitoriesPratt DormitoriesPratt DormitoriesPratt Dormitories